{
  "com.liferay.oauth2.provider.configuration.OAuth2ProviderApplicationHeadlessServerConfiguration~pokemon-oauth-application-headless-server" : {
    ".serviceAddress" : "localhost:8080",
    ".serviceScheme" : "http",
    ":configurator:policy" : "force",
    "baseURL" : "${portalURL}/o/pokemon",
    "buildTimestamp" : 1733418192768,
    "description" : "",
    "dxp.lxc.liferay.com.virtualInstanceId" : "default",
    "homePageURL" : "$[conf:.serviceScheme]://$[conf:.serviceAddress]",
    "name" : "Pokemon OAuth Application Headless Server",
    "projectId" : "pokemon",
    "projectName" : "pokemon",
    "properties" : [ ],
    "scopes" : [ "Liferay.Headless.Admin.Workflow.everything", "Liferay.Headless.Batch.Engine.everything", "Liferay.Object.Admin.REST.everything" ],
    "sourceCodeURL" : "",
    "type" : "oAuthApplicationHeadlessServer",
    "typeSettings" : [ ".serviceScheme=http", "scopes=Liferay.Headless.Admin.Workflow.everything\nLiferay.Headless.Batch.Engine.everything\nLiferay.Object.Admin.REST.everything", ".serviceAddress=localhost:8080" ],
    "webContextPath" : "/pokemon"
  }
}